{
	"class_name" : "PinholeCameraParameters",
	"extrinsic" : 
	[
		0.99725483719892838,
		0.068457853663522097,
		-0.02821899989586435,
		0.0,
		0.058038505955165298,
		-0.95933709778746756,
		-0.27623154170950737,
		0.0,
		-0.045981751922161911,
		0.27383545256321884,
		-0.96067675282046139,
		0.0,
		-1.9370513044699083,
		2.8374675873111137,
		115.5064664776699,
		1.0
	],
	"intrinsic" : 
	{
		"height" : 1080,
		"intrinsic_matrix" : 
		[
			935.30743608719399,
			0.0,
			0.0,
			0.0,
			935.30743608719399,
			0.0,
			699.5,
			539.5,
			1.0
		],
		"width" : 1400
	},
	"version_major" : 1,
	"version_minor" : 0
}